track,label,start_ms,end_ms,start_s,timecode,frame
Sections,Intro - Riff (guitar alone),0,9700,0.0,00:00:00:00,0
Chords,N,200,250,0.2,00:00:00:06,6
Chords,Ab,250,2300,0.25,00:00:00:08,8
Bars,Bar 1,1400,3500,1.4,00:00:01:12,42
Chords,Faug,2300,3000,2.3,00:00:02:09,69
Chords,F#,3000,4400,3.0,00:00:03:00,90
Bars,Bar 2,3500,5700,3.5,00:00:03:15,105
Chords,C#maj7,4400,7150,4.4,00:00:04:12,132
Bars,Bar 3,5700,7700,5.7,00:00:05:21,171
Impacts,Impact 1,5700,6200,5.7,00:00:05:21,171
Chords,Ab,7150,10100,7.15,00:00:07:04,214
Bars,Bar 4,7700,9700,7.7,00:00:07:21,231
Bars,Bar 5,9700,11800,9.7,00:00:09:21,291
Sections,Intro - Band In,9700,18100,9.7,00:00:09:21,291
Chords,Fm,10100,11250,10.1,00:00:10:03,303
Chords,F#maj7,11250,15800,11.25,00:00:11:08,338
Bars,Bar 6,11800,13900,11.8,00:00:11:24,354
Impacts,Impact 2,11800,12300,11.8,00:00:11:24,354
Bars,Bar 7,13900,16000,13.9,00:00:13:27,417
Chords,Ab7,15800,19500,15.8,00:00:15:24,474
Bars,Bar 8,16000,18100,16.0,00:00:16:00,480
Bars,Bar 9,18100,20200,18.1,00:00:18:03,543
Sections,Verse 1,18100,49350,18.1,00:00:18:03,543
Chords,F#maj7,19500,20900,19.5,00:00:19:15,585
Bars,Bar 10,20200,22300,20.2,00:00:20:06,606
Chords,C#maj7,20900,24200,20.9,00:00:20:27,627
Bars,Bar 11,22300,24400,22.3,00:00:22:09,669
Impacts,Impact 3,22300,22800,22.3,00:00:22:09,669
Chords,Ab7,24200,27700,24.2,00:00:24:06,726
Bars,Bar 12,24400,26450,24.4,00:00:24:12,732
Bars,Bar 13,26450,28550,26.45,00:00:26:14,794
Chords,F#maj7,27700,32450,27.7,00:00:27:21,831
Bars,Bar 14,28550,30650,28.55,00:00:28:16,856
Bars,Bar 15,30650,32750,30.65,00:00:30:20,920
Impacts,Impact 4,30650,31150,30.65,00:00:30:20,920
Chords,Ab/Gb,32450,34950,32.45,00:00:32:14,974
Bars,Bar 16,32750,34800,32.75,00:00:32:22,982
Bars,Bar 17,34800,36900,34.8,00:00:34:24,1044
Chords,N,34950,36300,34.95,00:00:34:28,1048
Chords,F#maj7,36300,40750,36.3,00:00:36:09,1089
Bars,Bar 18,36900,38950,36.9,00:00:36:27,1107
Bars,Bar 19,38950,41000,38.95,00:00:38:28,1168
Impacts,Impact 5,38950,39450,38.95,00:00:38:28,1168
Chords,Ab7,40750,44650,40.75,00:00:40:22,1222
Bars,Bar 20,41000,43100,41.0,00:00:41:00,1230
Bars,Bar 21,43100,45200,43.1,00:00:43:03,1293
Chords,F#maj7,44650,49100,44.65,00:00:44:20,1340
Bars,Bar 22,45200,47300,45.2,00:00:45:06,1356
Bars,Bar 23,47300,49350,47.3,00:00:47:09,1419
Impacts,Impact 6,47300,47800,47.3,00:00:47:09,1419
Chords,Eb,49100,53400,49.1,00:00:49:03,1473
Bars,Bar 24,49350,51400,49.35,00:00:49:10,1480
Sections,Chorus 1,49350,67850,49.35,00:00:49:10,1480
Bars,Bar 25,51400,53450,51.4,00:00:51:12,1542
Chords,Ab,53400,55050,53.4,00:00:53:12,1602
Bars,Bar 26,53450,55500,53.45,00:00:53:14,1604
Chords,C#/G#,55050,56400,55.05,00:00:55:02,1652
Bars,Bar 27,55500,57550,55.5,00:00:55:15,1665
Chords,F#,56400,57050,56.4,00:00:56:12,1692
Chords,C#/E#,57050,57650,57.05,00:00:57:02,1712
Bars,Bar 28,57550,59600,57.55,00:00:57:16,1726
Chords,Ab,57650,59200,57.65,00:00:57:20,1730
Chords,C#/G#,59200,60650,59.2,00:00:59:06,1776
Bars,Bar 29,59600,61650,59.6,00:00:59:18,1788
Chords,F#,60650,61150,60.65,00:01:00:20,1820
Chords,C#/E#,61150,61650,61.15,00:01:01:04,1834
Bars,Bar 30,61650,63700,61.65,00:01:01:20,1850
Chords,Ab,61650,63300,61.65,00:01:01:20,1850
Chords,C#/G#,63300,64750,63.3,00:01:03:09,1899
Bars,Bar 31,63700,65750,63.7,00:01:03:21,1911
Chords,F#,64750,65450,64.75,00:01:04:22,1942
Chords,C#/G#,65450,65800,65.45,00:01:05:14,1964
Bars,Bar 32,65750,67850,65.75,00:01:05:22,1972
Impacts,Impact 7,65750,66250,65.75,00:01:05:22,1972
Chords,Ab,65800,67500,65.8,00:01:05:24,1974
Chords,C#,67500,71450,67.5,00:01:07:15,2025
Bars,Bar 33,67850,70000,67.85,00:01:07:26,2036
Sections,Verse 2,67850,103300,67.85,00:01:07:26,2036
Bars,Bar 34,70000,72100,70.0,00:01:10:00,2100
Chords,Ab,71450,72250,71.45,00:01:11:14,2144
Bars,Bar 35,72100,74200,72.1,00:01:12:03,2163
Impacts,Impact 8,72100,72600,72.1,00:01:12:03,2163
Chords,F#maj7,72250,76550,72.25,00:01:12:08,2168
Bars,Bar 36,74200,76250,74.2,00:01:14:06,2226
Bars,Bar 37,76250,78350,76.25,00:01:16:08,2288
Chords,C#,76550,77350,76.55,00:01:16:16,2296
Chords,Ab7/C,77350,80750,77.35,00:01:17:10,2320
Bars,Bar 38,78350,80400,78.35,00:01:18:10,2350
Bars,Bar 39,80400,82500,80.4,00:01:20:12,2412
Chords,C#7/E#,80750,82400,80.75,00:01:20:22,2422
Chords,F#maj7,82400,86400,82.4,00:01:22:12,2472
Bars,Bar 40,82500,84600,82.5,00:01:22:15,2475
Bars,Bar 41,84600,86700,84.6,00:01:24:18,2538
Chords,Ab7,86400,88850,86.4,00:01:26:12,2592
Bars,Bar 42,86700,88800,86.7,00:01:26:21,2601
Bars,Bar 43,88800,90850,88.8,00:01:28:24,2664
Chords,N,88850,93150,88.85,00:01:28:26,2666
Bars,Bar 44,90850,92950,90.85,00:01:30:26,2726
Bars,Bar 45,92950,95000,92.95,00:01:32:28,2788
Impacts,Impact 9,92950,93450,92.95,00:01:32:28,2788
Chords,C#7/E#,93150,94750,93.15,00:01:33:04,2794
Chords,Ab,94750,97300,94.75,00:01:34:22,2842
Bars,Bar 46,95000,97100,95.0,00:01:35:00,2850
Bars,Bar 47,97100,99150,97.1,00:01:37:03,2913
Chords,F#maj7,97300,99750,97.3,00:01:37:09,2919
Bars,Bar 48,99150,101250,99.15,00:01:39:04,2974
Chords,Abmaj7,99750,100450,99.75,00:01:39:22,2992
Chords,C#7/E#,100450,103400,100.45,00:01:40:14,3014
Bars,Bar 49,101250,103300,101.25,00:01:41:08,3038
Bars,Bar 50,103300,105400,103.3,00:01:43:09,3099
Impacts,Impact 10,103300,103800,103.3,00:01:43:09,3099
Sections,Chorus 2,103300,121900,103.3,00:01:43:09,3099
Chords,Eb,103400,107450,103.4,00:01:43:12,3102
Bars,Bar 51,105400,107450,105.4,00:01:45:12,3162
Bars,Bar 52,107450,109500,107.45,00:01:47:14,3224
Chords,Ab,107450,109050,107.45,00:01:47:14,3224
Chords,C#/G#,109050,110450,109.05,00:01:49:02,3272
Bars,Bar 53,109500,111550,109.5,00:01:49:15,3285
Chords,F#,110450,111050,110.45,00:01:50:14,3314
Chords,C#/E#,111050,111550,111.05,00:01:51:02,3332
Bars,Bar 54,111550,113650,111.55,00:01:51:16,3346
Chords,Ab,111550,113150,111.55,00:01:51:16,3346
Chords,C#/G#,113150,114700,113.15,00:01:53:04,3394
Bars,Bar 55,113650,115700,113.65,00:01:53:20,3410
Chords,F#,114700,115350,114.7,00:01:54:21,3441
Chords,Ab,115350,117650,115.35,00:01:55:10,3460
Bars,Bar 56,115700,117750,115.7,00:01:55:21,3471
Impacts,Impact 11,115700,116200,115.7,00:01:55:21,3471
Chords,C#,117650,118750,117.65,00:01:57:20,3530
Bars,Bar 57,117750,119800,117.75,00:01:57:22,3532
Chords,F#,118750,119300,118.75,00:01:58:22,3562
Chords,C#maj7,119300,119850,119.3,00:01:59:09,3579
Bars,Bar 58,119800,121900,119.8,00:01:59:24,3594
Chords,Ab,119850,121400,119.85,00:01:59:26,3596
Chords,C#,121400,132250,121.4,00:02:01:12,3642
Bars,Bar 59,121900,124000,121.9,00:02:01:27,3657
Sections,Guitar Solo,121900,148750,121.9,00:02:01:27,3657
Bars,Bar 60,124000,126100,124.0,00:02:04:00,3720
Bars,Bar 61,126100,128150,126.1,00:02:06:03,3783
Bars,Bar 62,128150,130200,128.15,00:02:08:04,3844
Bars,Bar 63,130200,132250,130.2,00:02:10:06,3906
Bars,Bar 64,132250,134350,132.25,00:02:12:08,3968
Chords,Ab,132250,135350,132.25,00:02:12:08,3968
Impacts,Impact 12,132250,132750,132.25,00:02:12:08,3968
Bars,Bar 65,134350,136400,134.35,00:02:14:10,4030
Chords,F#6,135350,136000,135.35,00:02:15:10,4060
Chords,C#/E#,136000,137100,136.0,00:02:16:00,4080
Bars,Bar 66,136400,138450,136.4,00:02:16:12,4092
Chords,Abm,137100,138950,137.1,00:02:17:03,4113
Bars,Bar 67,138450,140500,138.45,00:02:18:14,4154
Chords,Ab7/C,138950,139450,138.95,00:02:18:28,4168
Chords,F#maj7,139450,140050,139.45,00:02:19:14,4184
Chords,Fm,140050,140500,140.05,00:02:20:02,4202
Bars,Bar 68,140500,142600,140.5,00:02:20:15,4215
Chords,Ab,140500,143250,140.5,00:02:20:15,4215
Bars,Bar 69,142600,144650,142.6,00:02:22:18,4278
Chords,Abm7,143250,145100,143.25,00:02:23:08,4298
Bars,Bar 70,144650,146700,144.65,00:02:24:20,4340
Chords,Ab7,145100,151650,145.1,00:02:25:03,4353
Bars,Bar 71,146700,148750,146.7,00:02:26:21,4401
Bars,Bar 72,148750,150800,148.75,00:02:28:22,4462
Sections,Chorus 3 (double),148750,179600,148.75,00:02:28:22,4462
Bars,Bar 73,150800,152850,150.8,00:02:30:24,4524
Chords,F#6,151650,152350,151.65,00:02:31:20,4550
Chords,C#7/E#,152350,152900,152.35,00:02:32:10,4570
Bars,Bar 74,152850,154900,152.85,00:02:32:26,4586
Chords,Ab,152900,155850,152.9,00:02:32:27,4587
Bars,Bar 75,154900,156950,154.9,00:02:34:27,4647
Chords,B/F#,155850,156600,155.85,00:02:35:26,4676
Chords,Ab,156600,158600,156.6,00:02:36:18,4698
Bars,Bar 76,156950,159000,156.95,00:02:36:28,4708
Chords,C#/G#,158600,159850,158.6,00:02:38:18,4758
Bars,Bar 77,159000,161050,159.0,00:02:39:00,4770
Chords,F#6,159850,160650,159.85,00:02:39:26,4796
Chords,Ab,160650,162700,160.65,00:02:40:20,4820
Bars,Bar 78,161050,163150,161.05,00:02:41:02,4832
Impacts,Impact 13,161050,161550,161.05,00:02:41:02,4832
Chords,C#,162700,163200,162.7,00:02:42:21,4881
Bars,Bar 79,163150,165150,163.15,00:02:43:04,4894
Chords,F#6,163200,164650,163.2,00:02:43:06,4896
Chords,C#,164650,165150,164.65,00:02:44:20,4940
Bars,Bar 80,165150,167200,165.15,00:02:45:04,4954
Chords,Ab,165150,168250,165.15,00:02:45:04,4954
Bars,Bar 81,167200,169250,167.2,00:02:47:06,5016
Chords,F#/G#,168250,169250,168.25,00:02:48:08,5048
Bars,Bar 82,169250,171350,169.25,00:02:49:08,5078
Chords,Abm,169250,170900,169.25,00:02:49:08,5078
Chords,C#/G#,170900,172400,170.9,00:02:50:27,5127
Bars,Bar 83,171350,173400,171.35,00:02:51:10,5140
Chords,F#maj7,172400,173000,172.4,00:02:52:12,5172
Chords,Ab,173000,175000,173.0,00:02:53:00,5190
Bars,Bar 84,173400,175450,173.4,00:02:53:12,5202
Chords,C#/G#,175000,176250,175.0,00:02:55:00,5250
Bars,Bar 85,175450,177500,175.45,00:02:55:14,5264
Chords,F#6,176250,177050,176.25,00:02:56:08,5288
Chords,C#/E#,177050,177550,177.05,00:02:57:02,5312
Bars,Bar 86,177500,179600,177.5,00:02:57:15,5325
Chords,Ab,177550,179150,177.55,00:02:57:16,5326
Chords,C#,179150,184550,179.15,00:02:59:04,5374
Bars,Bar 87,179600,181750,179.6,00:02:59:18,5388
Impacts,Impact 14,179600,180100,179.6,00:02:59:18,5388
Sections,Breakdown (drums drop out),179600,198000,179.6,00:02:59:18,5388
Bars,Bar 88,181750,183900,181.75,00:03:01:22,5452
Bars,Bar 89,183900,186050,183.9,00:03:03:27,5517
Chords,F#/C#,184550,186500,184.55,00:03:04:16,5536
Bars,Bar 90,186050,188000,186.05,00:03:06:02,5582
Chords,C#,186500,192400,186.5,00:03:06:15,5595
Bars,Bar 91,188000,189700,188.0,00:03:08:00,5640
Impacts,Impact 15,188000,188500,188.0,00:03:08:00,5640
Bars,Bar 92,189700,191350,189.7,00:03:09:21,5691
Bars,Bar 93,191350,193000,191.35,00:03:11:10,5740
Chords,Ebm7b5/Db,192400,193900,192.4,00:03:12:12,5772
Bars,Bar 94,193000,194700,193.0,00:03:13:00,5790
Chords,C#,193900,195100,193.9,00:03:13:27,5817
Bars,Bar 95,194700,196300,194.7,00:03:14:21,5841
Chords,Ab,195100,204900,195.1,00:03:15:03,5853
Bars,Bar 96,196300,198000,196.3,00:03:16:09,5889
Bars,Bar 97,198000,199650,198.0,00:03:18:00,5940
Sections,Finale,198000,208100,198.0,00:03:18:00,5940
Bars,Bar 98,199650,201150,199.65,00:03:19:20,5990
Bars,Bar 99,201150,202550,201.15,00:03:21:04,6034
Bars,Bar 100,202550,203900,202.55,00:03:22:16,6076
Bars,Bar 101,203900,205300,203.9,00:03:23:27,6117
Chords,Abmaj7,204900,208300,204.9,00:03:24:27,6147
Bars,Bar 102,205300,206700,205.3,00:03:25:09,6159
Bars,Bar 103,206700,207200,206.7,00:03:26:21,6201
Impacts,Impact 16,206700,207200,206.7,00:03:26:21,6201
Chords,N,208300,208800,208.3,00:03:28:09,6249
